store,address,item,total_price
kroger,1159 Emmet St N,Yoplait Original Low Fat Orange Creme Yogurt Cup,0.8
kroger,1159 Emmet St N,Yoplait Original Vanilla Low Fat Smooth Style Yogurt Tub,3.69
kroger,1159 Emmet St N,Yoplait Original Low Fat Strawberry Banana Yogurt Cup,0.8
kroger,1159 Emmet St N,Too Good & Co. Vanilla Low Fat Lower Sugar Gluten Free Greek Yogurt Cup,1.5
kroger,1159 Emmet St N,Too Good & Co. Strawberry Low Fat Lower Sugar Gluten Free Greek Yogurt Cup,1.5
kroger,1159 Emmet St N,Oikos Triple Zero Mixed Berry Greek Yogurt Cup,5.29
kroger,1159 Emmet St N,ChobaniÂ® Strawberry on the Bottom Nonfat Greek Yogurt Cups,4.99
kroger,1159 Emmet St N,DannonÂ® Light + FitÂ® Remix Strawberry Cheesecake Fat Free Greek Yogurt,1.69
kroger,1159 Emmet St N,Yoplait Original Strawberry Low Fat Smooth Style Yogurt Tub,3.69
kroger,1159 Emmet St N,KrogerÂ® Plain Nonfat Greek Yogurt Tub,4.29
kroger,1159 Emmet St N,Yoplait Original Low Fat Mixed Berry Yogurt Cup,0.8
kroger,1159 Emmet St N,StonyfieldÂ® Organic Vanilla Probiotic Whole Milk Yogurt Tub,4.99
kroger,1159 Emmet St N,Chobani Creations Greek Apple Pie a La Mode Yogurt Cup,1.79
kroger,1159 Emmet St N,StonyfieldÂ® Organic Probiotic Plain Whole Milk Yogurt Tub,4.99
kroger,1159 Emmet St N,Yoplait Original Low Fat Harvest Peach Yogurt Cup,0.8
kroger,1159 Emmet St N,Yoplait Original Low Fat Mountain Blueberry Yogurt Cup,0.8
kroger,1159 Emmet St N,Yoplait Original Low Fat Red Raspberry Yogurt Cup,0.8
kroger,1159 Emmet St N,Light + Fit Nonfat Gluten-Free Strawberry Cheesecake Greek Yogurt Cup,4.99
kroger,1159 Emmet St N,Yoplait Original Low Fat Cherry Orchard Yogurt Cup,0.8
kroger,1159 Emmet St N,Oikos Triple Zero Vanilla Greek Yogurt Cup,5.29
kroger,1159 Emmet St N,YoCrunch Low Fat Vanilla with M&Ms Yogurt Cup,4.49
kroger,1159 Emmet St N,Simply Truth OrganicÂ® Plain Nonfat Greek Yogurt Tub,4.49
kroger,1159 Emmet St N,ChobaniÂ® FlipÂ® Chocolate Peanut Butter Cupâ„¢ Low Fat Greek Yogurt Cup,1.79
kroger,1159 Emmet St N,Go GURT Strawberry Kids Low Fat Yogurt Tubes,4.29
kroger,1159 Emmet St N,The Greek GodsÂ® Honey Vanilla Greek Style Yogurt Tub,4.99
kroger,1159 Emmet St N,Light + Fit Nonfat Gluten-Free Vanilla Yogurt Tub,4.39
kroger,1159 Emmet St N,ChobaniÂ® Vanilla Nonfat Greek Yogurt Tub,6.99
kroger,1159 Emmet St N,Yoplait Original Low Fat Strawberry Yogurt Cup,0.8
kroger,1159 Emmet St N,ChobaniÂ® FlipÂ® Strawberry Cheesecakeâ„¢ Low Fat Greek Yogurt Cup,1.79
kroger,1159 Emmet St N,Yoplait Original Low Fat Yogurt Variety Pack,5.99
kroger,1159 Emmet St N,KrogerÂ® Strawberry and Blueberry Yogurt Tubes,5.29
kroger,1159 Emmet St N,Kroger Strawberry & Vanilla Kids Low Fat Yogurt Tubes,1.99
kroger,1159 Emmet St N,Go GURT Strawberry and Cotton Candy Kids Fat Free Yogurt Tubes,6.99
kroger,1159 Emmet St N,Oikos Triple Zero Vanilla Greek Yogurt Tub,7.99
kroger,1159 Emmet St N,Light + Fit Nonfat Gluten-Free Vanilla Greek Yogurt Cup,4.99
kroger,1159 Emmet St N,The Greek GodsÂ® Honey Greek Style Yogurt Tub,4.99
kroger,1159 Emmet St N,ChobaniÂ® FlipÂ® Chocolate Chip Cookie Doughâ„¢ Low Fat Greek Yogurt Cup,1.79
kroger,1159 Emmet St N,ChobaniÂ® FlipÂ® Key Lime Crumbleâ„¢ Low Fat Greek Yogurt Cup,1.79
kroger,1159 Emmet St N,ChobaniÂ® Vanilla with Mixed Berry Low Fat Greek Yogurt Cups,4.99
kroger,1159 Emmet St N,KrogerÂ® CARBmasterÂ® Vanilla Lowfat Yogurt Cup,0.7
kroger,1159 Emmet St N,Yoplait Original Low Fat French Vanilla Yogurt Cup,0.8
kroger,1159 Emmet St N,ChobaniÂ® FlipÂ® Cookies & Creamâ„¢ Low Fat Greek Yogurt Cup,1.79
kroger,1159 Emmet St N,ChobaniÂ® FlipÂ® Chocolate S'more S'moresâ„¢ Low Fat Greek Yogurt Cup,1.79
kroger,1159 Emmet St N,ChobaniÂ® Key Lime Low Fat Greek Yogurt Cups,4.99
kroger,1159 Emmet St N,So Delicious Dairy Free Strawberry Banana Coconut Milk Yogurt Cup,2.19
kroger,1159 Emmet St N,Yoplait Original Low Fat Yogurt Variety Pack,5.99
kroger,1159 Emmet St N,ChobaniÂ® Vanilla Nonfat Greek Yogurt Cups,4.99
kroger,1159 Emmet St N,KrogerÂ® Vanilla Lowfat Yogurt Tub,2.79
kroger,1159 Emmet St N,Yoplait Original Low Fat Key Lime Pie Yogurt Cup,0.8
kroger,1159 Emmet St N,KrogerÂ® CARBmasterÂ® Strawberry Low Fat Yogurt Cup,0.7
kroger,1159 Emmet St N,Private Selection 90/10 Lean Angus Ground Beef,7.49
kroger,1159 Emmet St N,KrogerÂ® 1 lb. Extra Lean Ground Beef Sirloin 93/7,7.49
kroger,1159 Emmet St N,Private SelectionÂ® 80/20 Angus Ground Beef,5.99
kroger,1159 Emmet St N,Heritage Farm Boneless Skinless Fresh Chicken Thighs,3.49
kroger,1159 Emmet St N,Heritage Farm Bone-In Skin-On Fresh Chicken Drumsticks,1.49
kroger,1159 Emmet St N,Boar's Head Garlic Bologna Fresh Sliced Deli Meat,8.49
kroger,1159 Emmet St N,KrogerÂ® Hickory Smoked Bacon Wrapped Tenderloin Filet,5.0
kroger,1159 Emmet St N,KrogerÂ® Beef Shaved Steak,6.0
kroger,1159 Emmet St N,Heritage Farm Boneless Skinless Fresh Chicken Tenderloins,4.49
kroger,1159 Emmet St N,Beyond MeatÂ® BeyondÂ® Breakfast Sausageâ„¢ Spicy Plant-Based Patties,6.99
kroger,1159 Emmet St N,Beyond Meat Beyond ChickenÂ® Plant-Based Breaded Tenders,15.99
kroger,1159 Emmet St N,Beyond MeatÂ® Cookout Classicâ„¢ Plant-Based Burger Patties,15.99
kroger,1159 Emmet St N,Bone-In Pork Chops Assorted Chops (about 8 per pack),3.99
kroger,1159 Emmet St N,Pork Back Ribs,4.49
kroger,1159 Emmet St N,KrogerÂ® Traditional Pork Sausage Patties,3.79
kroger,1159 Emmet St N,Beyond Meat Beyond SteakÂ® Plant-Based Seared Tips,6.99
kroger,1159 Emmet St N,Beyond Meat Plant-Based Frozen Popcorn Chicken Bites,6.99
kroger,1159 Emmet St N,Beef Cubed Steaks,8.49
kroger,1159 Emmet St N,Simple Truth All Natural Thin-Sliced Fresh Chicken Breast,7.99
kroger,1159 Emmet St N,Hillshire Farm Ultra Thin Sliced Honey Ham Sandwich Meat,5.49
kroger,1159 Emmet St N,Beef Choice Chuck Roast (In Store Cut),7.49
kroger,1159 Emmet St N,Boneless Pork Loin Chops,5.0
kroger,1159 Emmet St N,PERDUEÂ® Boneless Skinless Chicken Breasts,4.99
kroger,1159 Emmet St N,Boar's Head Golden Classic Chicken Breast Fresh Sliced Deli Meat,12.99
kroger,1159 Emmet St N,Boar's Head Chipotle Savory Boneless Skinless Chicken Breast Fresh Sliced Deli Meat,12.99
kroger,1159 Emmet St N,SmithfieldÂ® Applewood Smoked Bacon Dry Rubbed Pork Loin Filet,9.99
kroger,1159 Emmet St N,Kroger Frozen Raw Bone-In Skin-On Chicken Wings,11.99
kroger,1159 Emmet St N,Classic Bologna Sliced Deli-Style Lunch Meat,1.79
kroger,1159 Emmet St N,Beef Choice Chuck Roast,7.49
kroger,1159 Emmet St N,Whole Boneless Pork Tenderloin,4.99
kroger,1159 Emmet St N,Simple Truth All Natural Boneless Skinless Fresh Chicken Breast Tenders,7.49
kroger,1159 Emmet St N,Beyond Meat Beyond MeatballsÂ® Italian Style Plant-Based Meatballs,15.99
kroger,1159 Emmet St N,Boar's Head Bold Salsalito Turkey Breast Fresh Sliced Deli Meat,14.49
kroger,1159 Emmet St N,Kroger Pork Boneless Half Loin,2.99
kroger,1159 Emmet St N,Boar's Head Hickory Smoked Black Forest Turkey Breast Fresh Sliced Deli Meat,14.49
kroger,1159 Emmet St N,KrogerÂ® Mild Italian Ground Sausage,5.99
kroger,1159 Emmet St N,Smithfield Garlic & Herb Pork Loin Filet,9.99
kroger,1159 Emmet St N,Boar's Head Cajun Style Oven Roast Beef Fresh Sliced Deli Meat,14.99
kroger,1159 Emmet St N,Heritage Farm Bone-In Skin-On Fresh Chicken Thighs,1.99
kroger,1159 Emmet St N,KrogerÂ® Lean Ground Beef Chuck 80/20 Homestyle Hamburger Patties,10.0
kroger,1159 Emmet St N,La HerenciaÂ® Carne Asada Boneless Beef Loin Flap Meat Steak,13.99
kroger,1159 Emmet St N,Boar's Head Branded Deluxe Ham,12.99
kroger,1159 Emmet St N,KrogerÂ® 3 lb. Lean Ground Beef Chuck 80/20,15.49
kroger,1159 Emmet St N,Beef Choice Cubed Beef for Stew,7.99
kroger,1159 Emmet St N,Heritage Farm Boneless Skinless Fresh Chicken Breast,2.79
kroger,1159 Emmet St N,Simple Truthâ„¢ Natural Lamb for Stew Meat,12.99
kroger,1159 Emmet St N,Boar's Head Spicy Cajun Style Smoked Oven Roasted Turkey Breast Fresh Sliced Deli Meat,14.49
kroger,1159 Emmet St N,Boar's Head Cap-Off Cooked Top Round Corned Beef Fresh Sliced Deli Meat,14.99
kroger,1159 Emmet St N,Boar's Head Smoke Master Smoked Black Forest Ham Fresh Sliced Deli Meat,12.99
kroger,1159 Emmet St N,Beyond Meat Stack Burgerâ„¢ Plant-Based Patties,15.99
kroger,1159 Emmet St N,KrogerÂ® Adorbsâ„¢ Easy Peel Seedless Mandarin Clementine Oranges in 5lb Bag,7.99
kroger,1159 Emmet St N,Fresh Cut Watermelon Chunks,5.0
kroger,1159 Emmet St N,Green White Seedless Grapes,2.99
kroger,1159 Emmet St N,Red Seedless Grapes,2.99
kroger,1159 Emmet St N,Fresh Blueberries,4.29
kroger,1159 Emmet St N,Simple Truth OrganicÂ® Frozen Mango Chunks,2.99
kroger,1159 Emmet St N,Private SelectionÂ® Fresh Colossal Blueberries,5.99
kroger,1159 Emmet St N,Fresh Blackberries,2.99
kroger,1159 Emmet St N,Simple Truth OrganicÂ® Freshly Frozen Raspberries,3.49
kroger,1159 Emmet St N,PitayaPlusâ„¢ Seedless Passion Fruit Bite Size Cubes,4.99
kroger,1159 Emmet St N,Simple Truth OrganicÂ® Frozen Whole Strawberries,2.99
kroger,1159 Emmet St N,Gala Apples - 3 Pound Bag,4.49
kroger,1159 Emmet St N,Simple Truth OrganicÂ® Freshly Frozen Sliced Strawberries BIG Deal!,9.99
kroger,1159 Emmet St N,Cantaloupe,3.29
kroger,1159 Emmet St N,Fresh Banana - Each,0.49
kroger,1159 Emmet St N,Fresh Lemon - Each,0.89
kroger,1159 Emmet St N,Large Honeycrisp Apple - Each,2.29
kroger,1159 Emmet St N,Organic Fresh Banana - Each,0.69
kroger,1159 Emmet St N,Fresh Cut Mixed Tropical Fruit,4.99
kroger,1159 Emmet St N,Simple Truth Organicâ„¢ Fresh Blueberries,4.29
kroger,1159 Emmet St N,Zespriâ„¢ Sungoldâ„¢ Fresh Kiwi Fruit,4.79
kroger,1159 Emmet St N,Fresh Strawberries,3.19
kroger,1159 Emmet St N,Fresh Cut Pineapple Chunks,5.0
kroger,1159 Emmet St N,Fresh Red Cherries in Bag â€“ approx 2 pounds,6.99
kroger,1159 Emmet St N,Medium Ripe Avocado,0.99
kroger,1159 Emmet St N,Fresh Blueberries,6.99
kroger,1159 Emmet St N,SambazonÂ® Organic Berry Bliss Acai Bowl,3.99
kroger,1159 Emmet St N,Large Limes,0.59
kroger,1159 Emmet St N,Fresh Made Fruit Dip,3.99
kroger,1159 Emmet St N,PitayaPlusâ„¢ Organic Dragon Fruit Smoothie Packs,4.99
kroger,1159 Emmet St N,Simple Truth OrganicÂ® Frozen Pineapple Chunks,9.99
kroger,1159 Emmet St N,Simple Truth OrganicÂ® Frozen Strawberry Banana Fruit,9.99
kroger,1159 Emmet St N,Simple Truth OrganicÂ® Frozen Mixed Fruit Medley,6.99
kroger,1159 Emmet St N,Mighties Green Fresh Kiwi Fruit,6.29
kroger,1159 Emmet St N,Honeycrisp Apples - 3 Pound Bag,6.79
kroger,1159 Emmet St N,Fresh Organic Strawberries,4.19
kroger,1159 Emmet St N,Tru Fru White & Milk Chocolate Frozen Whole Strawberries,14.99
kroger,1159 Emmet St N,Fresh Ripe Whole Pineapple,2.5
kroger,1159 Emmet St N,Fresh Strawberries,6.29
kroger,1159 Emmet St N,Fresh Red Raspberries,3.49
kroger,1159 Emmet St N,Simple Truth Organicâ„¢ Frozen Sliced Peaches,2.99
kroger,1159 Emmet St N,Seedless Whole Watermelon,7.99
kroger,1159 Emmet St N,Simple Truth Organicâ„¢ Frozen Pineapple Chunks,2.99
kroger,1159 Emmet St N,Navel Oranges,1.0
kroger,1159 Emmet St N,Mini Seedless Whole Watermelon,4.49
kroger,1159 Emmet St N,Honey Mangos,1.0
kroger,1159 Emmet St N,Fresh California Yellow Peach â€“ Each,2.99
kroger,1159 Emmet St N,Fresh Cut Mixed Fruit Bowl,15.99
kroger,1159 Emmet St N,Large Mangos,1.67
kroger,1159 Emmet St N,HalosÂ® Seedless California Mandarin Clementine Oranges in 3lb Bag,4.99
kroger,1159 Emmet St N,Fresh Cut Mild Fajita Vegetable Mix,5.0
kroger,1159 Emmet St N,Zucchini,1.49
kroger,1159 Emmet St N,KrogerÂ® Vegetable Medley BIG Deal!,6.49
kroger,1159 Emmet St N,Green Onions,0.99
kroger,1159 Emmet St N,Birds Eye Teriyaki Frozen Stir Fry Veggies And Sauce Frozen Vegetables,3.99
kroger,1159 Emmet St N,Squash Yellow,1.69
kroger,1159 Emmet St N,Cucumber,0.69
kroger,1159 Emmet St N,Large Green Bell Pepper,0.79
kroger,1159 Emmet St N,Birds Eye Steamfresh Frozen Protein Blend California Style Vegetables,3.29
kroger,1159 Emmet St N,Fresh Cut Hot Fajita Vegetable Mix,5.0
kroger,1159 Emmet St N,Birds Eye Sesame And Garlic Frozen Stir Fry Veggies And Sauce Frozen Vegetables,3.99
kroger,1159 Emmet St N,Green Serrano Peppers,3.99
kroger,1159 Emmet St N,Fresh Cut Vegetable Bowl,10.0
kroger,1159 Emmet St N,Pictsweet FarmsÂ® Frozen Vegetables for Roasting Halved Brussels Sprouts Butternut Squash & Onions,4.99
kroger,1159 Emmet St N,Poblano Peppers,3.49
kroger,1159 Emmet St N,Medium Yellow Onions,1.19
kroger,1159 Emmet St N,Broccoli Crowns,1.79
kroger,1159 Emmet St N,Jalapeno Peppers,1.99
kroger,1159 Emmet St N,KrogerÂ® Peeled Baby Carrots Bag,1.33
kroger,1159 Emmet St N,Birds Eye Steamfresh Broccoli Carrots Sugar Snap Peas & Water Chestnuts Frozen Vegetables,2.99
kroger,1159 Emmet St N,KrogerÂ® Vegetable Medley,2.99
kroger,1159 Emmet St N,Fresh Cut Mixed Vegetable Saute,5.0
kroger,1159 Emmet St N,KrogerÂ® Meal-Ready Sides Frozen Mexican Style Vegetables,1.79
kroger,1159 Emmet St N,Sweet Potato,1.19
kroger,1159 Emmet St N,KrogerÂ® Stir-Fry Starters Frozen Vegetables,1.59
kroger,1159 Emmet St N,Green Asparagus,3.49
kroger,1159 Emmet St N,Jumbo Red Onions,1.49
kroger,1159 Emmet St N,KrogerÂ® Stir Fry Starters Vegetables with Noodles,1.59
kroger,1159 Emmet St N,Sweet Jumbo Yellow Onions,1.59
kroger,1159 Emmet St N,KrogerÂ® Stir Fry Starters Vegetables with Rice,1.59
kroger,1159 Emmet St N,Roma Tomato,0.99
kroger,1159 Emmet St N,Simple Truth OrganicÂ® Frozen Mixed Vegetables,2.49
kroger,1159 Emmet St N,Birds Eye Steamfresh Carrots Broccoli And Cauliflower Frozen Vegetables,2.99
kroger,1159 Emmet St N,KrogerÂ® Meal-Ready Sides Frozen Mixed Vegetables,1.25
kroger,1159 Emmet St N,Fresh Cut Mixed Vegetable Soup Base,2.99
kroger,1159 Emmet St N,Fresh Cut Mixed Vegetable Soup Base,5.0
kroger,1159 Emmet St N,Birds Eye Steamfresh Mixed Vegetables Frozen Vegetables,1.69
kroger,1159 Emmet St N,KrogerÂ® Meal-Ready Sides Frozen Mixed Vegetables,2.99
kroger,1159 Emmet St N,Pictsweet FarmsÂ® Family Size Frozen Simple Harvest Mixed Vegetables,4.69
kroger,1159 Emmet St N,Celery,1.89
kroger,1159 Emmet St N,Birds Eye Teriyaki Frozen Stir Fry Veggies And Sauce Frozen Vegetables,8.49
kroger,1159 Emmet St N,Mini Sweet Peppers,3.99
kroger,1159 Emmet St N,Cauliflower,3.49
kroger,1159 Emmet St N,Sweet Corn on the Cob,4.99
kroger,1159 Emmet St N,Birds Eye Steamfresh Frozen Protein Blends Southwest Style Vegetables,3.29
kroger,1159 Emmet St N,English Cucumber,1.79
kroger,1159 Emmet St N,Fresh Cut Bowl Vegetables and Egg,5.0
kroger,1159 Emmet St N,Pictsweet FarmsÂ® Frozen Vegetables for Grilling,4.99
kroger,1159 Emmet St N,Simple Truth OrganicÂ® Frozen Mixed Vegetables,8.99
kroger,1159 Emmet St N,Birds Eye Mixed Vegetabeles Frozen Vegetables,8.49
kroger,1159 Emmet St N,Private SelectionÂ® Sourdough Bread,3.99
kroger,1159 Emmet St N,Dave's Killer Bread Rockin' Grains English Muffins Organic Whole Grain English Muffins,5.99
kroger,1159 Emmet St N,Simple Truth OrganicÂ® Thin Sliced Ancient Multigrain Bread,3.99
kroger,1159 Emmet St N,Sara Lee Artesano Hawaiian Sweet Bread,4.49
kroger,1159 Emmet St N,Sara Lee White made with Whole Grain Bread,3.99
kroger,1159 Emmet St N,Arnold Organic 22 Grains & Seeds Bread,6.49
kroger,1159 Emmet St N,Nature's Own Perfectly Crafted White Bread Thick Sliced Non-GMO Sandwich Bread,3.99
kroger,1159 Emmet St N,Nature's Own Perfectly Crafted Multigrain Bread Thick Sliced Non-GMO Sandwich Bread,3.99
kroger,1159 Emmet St N,Smart WayÂ® Thin Sliced Wheat Bread,1.49
kroger,1159 Emmet St N,Nature's Own 100% Whole Wheat Whole Wheat Bread,4.59
kroger,1159 Emmet St N,Lewis Bake Shop Sweet Hawaiian Half Loaf Bread,2.49
kroger,1159 Emmet St N,Simple Truth OrganicÂ® Thin Sliced 100% Whole Wheat Bread,3.99
kroger,1159 Emmet St N,Sara Lee Artesano Original White Bread,4.49
kroger,1159 Emmet St N,Private SelectionÂ® Wide Pan Rustic White Bread,3.99
kroger,1159 Emmet St N,Dave's Killer Bread 21 Whole Grains and Seeds Organic Whole Grain Bread,6.99
kroger,1159 Emmet St N,Pepperidge Farm SwirlÂ® Lemon Blueberry Flavored Breakfast Bread,4.69
kroger,1159 Emmet St N,Dave's Killer Bread Good Seed Organic Whole Grain Bread,6.99
kroger,1159 Emmet St N,Smart WayÂ® Thin Sliced White Bread,1.49
kroger,1159 Emmet St N,Private SelectionÂ® Honey Oat Bread,3.99
kroger,1159 Emmet St N,Private SelectionÂ® Sugar Free 100% Whole Wheat Bread,3.99
kroger,1159 Emmet St N,Nature's Own WhiteWheat Healthy Sliced White Bread,3.99
kroger,1159 Emmet St N,KrogerÂ® Soft Wheat Bread,2.19
kroger,1159 Emmet St N,Wonder Classic White Bread,3.99
kroger,1159 Emmet St N,Dave's Killer Bread Powerseed Thin-Sliced Seeded Organic Whole Grain Bread,5.99
kroger,1159 Emmet St N,Dave's Killer Bread Good Seed Thin-Sliced Organic Whole Grain Bread,5.99
kroger,1159 Emmet St N,Nature's Own Honey Wheat Sandwich Bread,4.49
kroger,1159 Emmet St N,Nature's Own Butterbread Sliced White Bread,4.59
kroger,1159 Emmet St N,KrogerÂ® Honey Wheat Bread,2.39
kroger,1159 Emmet St N,Simple Truth OrganicÂ® 100% Whole Wheat Bread,4.49
kroger,1159 Emmet St N,Simple Truth OrganicÂ® Multiseed Bread,4.49
kroger,1159 Emmet St N,Dave's Killer Bread 21 Whole Grains and Seeds Thin-Sliced Organic Whole Grain Bread,5.99
kroger,1159 Emmet St N,Sunbeam Giant White Sandwich Bread,4.49
kroger,1159 Emmet St N,KrogerÂ® White Bread,2.19
kroger,1159 Emmet St N,KrogerÂ® White Bread,2.19
kroger,1159 Emmet St N,Private SelectionÂ® 100% Whole Wheat Bread,3.99
kroger,1159 Emmet St N,KrogerÂ® Buttermilk Bread,2.19
kroger,1159 Emmet St N,Dave's Killer Bread White Bread Done Right Thin-Sliced Organic White Bread,5.99
kroger,1159 Emmet St N,Dave's Killer Bread Sprouted Thin-Slided Organic Whole Grain Bread,5.99
kroger,1159 Emmet St N,Pepperidge Farm Farmhouse White Bread,4.99
kroger,1159 Emmet St N,Sara Lee Honey Wheat Sandwich Bread,3.99
kroger,1159 Emmet St N,Sara Lee Classic White Bread,3.49
kroger,1159 Emmet St N,Sara Lee 100% Whole Wheat Bread,3.99
kroger,1159 Emmet St N,Simple Truth OrganicÂ® Thin Sliced Oats & Honey Bread,3.99
kroger,1159 Emmet St N,Dave's Killer Bread White Bread Done Right Artisan-Style Organic White Bread,6.99
kroger,1159 Emmet St N,Simple Truth OrganicÂ® Flax & Chia Seed Bread,4.49
kroger,1159 Emmet St N,Dave's Killer Bread Epic Everything Organic Breakfast Bread,6.99
kroger,1159 Emmet St N,Sara Lee Butter Bread,3.99
kroger,1159 Emmet St N,Sara Lee Delightful Healthy Multi-Grain Bread,5.19
kroger,1159 Emmet St N,Private SelectionÂ® Wide Pan Multigrain Bread,3.99
kroger,1159 Emmet St N,Simple Truth OrganicÂ® White Bread,4.49
kroger,1159 Emmet St N,Simple Truth OrganicÂ® 2% Reduced Fat Milk with DHA Omega-3,3.99
kroger,1159 Emmet St N,a2 Milk 2% Reduced Fat Milk,4.99
kroger,1159 Emmet St N,KrogerÂ® Vitamin D Whole Milk,2.49
kroger,1159 Emmet St N,Horizon Organic Shelf-Stable Whole Milk Boxes,7.79
kroger,1159 Emmet St N,Horizon Organic Shelf-Stable Whole Milk Boxes,15.49
kroger,1159 Emmet St N,KrogerÂ® Vitamin D Whole Milk,1.79
kroger,1159 Emmet St N,KrogerÂ® Fat Free Skim Milk,1.39
kroger,1159 Emmet St N,A2 Ultra-Pasteurized Whole Milk,4.99
kroger,1159 Emmet St N,Simple Truth OrganicÂ® 2% Reduced Fat Milk,6.29
kroger,1159 Emmet St N,Simple Truth OrganicÂ® Grass-Fed Whole Milk,5.49
kroger,1159 Emmet St N,Organic ValleyÂ® Ultra Pasteurized Organic Whole Milk,6.19
kroger,1159 Emmet St N,Organic ValleyÂ® Family Firstâ„¢ Whole Milk with DHA & Omega 3,6.59
kroger,1159 Emmet St N,Organic ValleyÂ® 2% Reduced Fat Milk,6.19
kroger,1159 Emmet St N,Horizon Organic Shelf-Stable 1% Low Fat Milk Boxes,7.79
kroger,1159 Emmet St N,Simple Truth OrganicÂ® Lactose Free 2% Reduced Fat Milk,3.99
kroger,1159 Emmet St N,Simple Truth OrganicÂ® Lactose Free Whole Milk,3.99
kroger,1159 Emmet St N,Simple Truth OrganicÂ® Vitamin D Whole Milk,3.99
kroger,1159 Emmet St N,Simple Truth OrganicÂ® 2% Reduced Fat Milk,3.99
kroger,1159 Emmet St N,KrogerÂ® 2% Reduced Fat Milk,1.59
kroger,1159 Emmet St N,Simple Truth OrganicÂ® 1% Fortified Low Fat Organic Ultra Pasteurized Milk,3.99
kroger,1159 Emmet St N,KrogerÂ® 2% Reduced Fat Milk,1.49
kroger,1159 Emmet St N,Simple Truth OrganicÂ® Fat Free Milk,3.99
kroger,1159 Emmet St N,Simple Truth OrganicÂ® Whole Milk with DHA Omega-3,3.99
kroger,1159 Emmet St N,Horizon Organic High Vitamin D 2 Percent Milk - High Vitamin D Reduced Fat Milk,6.49
kroger,1159 Emmet St N,KrogerÂ® Lactose Free 2% Reduced Fat Milk,3.59
kroger,1159 Emmet St N,Maple Hill Organic 100% Grassfed Whole Milk,6.99
kroger,1159 Emmet St N,"Horizon Organic Shelf-Stable 1% Low Fat Milk Boxes, Vanilla",7.79
kroger,1159 Emmet St N,KrogerÂ® Vitamin D Whole Milk,3.19
kroger,1159 Emmet St N,Meyenberg Vitamin D Goat Milk,6.49
kroger,1159 Emmet St N,Fairlife Fat Free Lactose Free & High-Protein Ultra-Filtered Milk,4.99
kroger,1159 Emmet St N,fairlife 2% Reduced Fat Lactose Free & High-Protein Ultra-Filtered Milk,4.99
kroger,1159 Emmet St N,Horizon Organic DHA Omega-3 Milk - DHA 2 Percent Milk,6.49
kroger,1159 Emmet St N,fairlife 2% Chocolate Lactose Free & High-Protein Ultra-Filtered Milk,4.99
kroger,1159 Emmet St N,fairlife Whole Lactose Free & High-Protein Ultra-Filtered Milk,4.99
kroger,1159 Emmet St N,Horizon Organic Grassfed Vitamin D Milk,6.99
kroger,1159 Emmet St N,KrogerÂ® 1% Lowfat Milk,2.59
kroger,1159 Emmet St N,KrogerÂ® 1% Lowfat Milk,1.49
kroger,1159 Emmet St N,KrogerÂ® Fat Free Skim Milk,2.59
kroger,1159 Emmet St N,KrogerÂ® 2% Reduced Fat Milk,2.89
kroger,1159 Emmet St N,Simple Truth OrganicÂ® Fat Free Milk,6.29
kroger,1159 Emmet St N,Simple Truth OrganicÂ® Whole Vitamin D Milk,6.29
kroger,1159 Emmet St N,Horizon Organic DHA Omega-3 Milk - DHA Whole Milk,6.49
kroger,1159 Emmet St N,Horizon Organic High Vitamin D Whole Milk - High Vitamin D Milk,6.49
kroger,1159 Emmet St N,Simple Truth OrganicÂ® 100% Grass-Fed 2% Milk,5.49
kroger,1159 Emmet St N,Horizon Organic Lactose Free Milk - 2% Reduced Fat Milk,6.49
kroger,1159 Emmet St N,Maple Hill Organic 100% Grassfed Reduced Fat Milk,6.99
kroger,1159 Emmet St N,Horizon Organic High Vitamin D Nonfat Milk - High Vitamin D Milk,6.49
kroger,1159 Emmet St N,Horizon Organic Shelf-Stable 1% Low Fat Milk Boxes,15.49
kroger,1159 Emmet St N,"Horizon Organic Shelf-Stable 1% Low Fat Milk Boxes, Vanilla",15.49
kroger,1159 Emmet St N,Blue BunnyÂ® Chocolate Vanilla Twist Frozen Dairy Dessert Pint,5.49
kroger,1159 Emmet St N,KrogerÂ® Deluxe Rocky Road Ice Cream Tub,2.99
kroger,1159 Emmet St N,KrogerÂ® Deluxe Orange Cream Ice Cream Tub,2.99
kroger,1159 Emmet St N,KrogerÂ® Deluxe Neapolitan Ice Cream Tub,2.99
kroger,1159 Emmet St N,The Frozen Farmer Orange Cream Frobert Frozen Dairy Dessert Pint,7.79
kroger,1159 Emmet St N,Breyers Cookies and Cream Frozen Dairy Dessert Tub,5.99
kroger,1159 Emmet St N,KrogerÂ® Deluxe Cookies N' Cream Ice Cream Tub,2.99
kroger,1159 Emmet St N,Simple Truthâ„¢ No Sugar Added Mint Frozen Dairy Dessert Pint,4.49
kroger,1159 Emmet St N,KrogerÂ® Deluxe Chocolate Chip Ice Cream Tub,7.49
kroger,1159 Emmet St N,Simple Truthâ„¢ No Sugar Added Vanilla Frozen Dairy Dessert Pint,4.49
kroger,1159 Emmet St N,KrogerÂ® Deluxe Cookies N' Cream Ice Cream Tub,7.49
kroger,1159 Emmet St N,Simple Truthâ„¢ No Sugar Added Chocolate Chip Frozen Dairy Dessert Pint,4.49
kroger,1159 Emmet St N,KrogerÂ® Deluxe Cake Celebration Ice Cream Family Size,7.49
kroger,1159 Emmet St N,Good Humor Strawberry Shortcake Frozen Dairy Dessert Bars,6.29
kroger,1159 Emmet St N,Nestle Drumstick Chocolate/Vanilla Caramel/Vanilla Frozen Dairy Dessert Cones Variety Pack,8.99
kroger,1159 Emmet St N,KrogerÂ® Deluxe Caramel Praline Ice Cream Tub,2.99
kroger,1159 Emmet St N,Drumstick The Original Vanilla Frozen Dairy Dessert Cones,8.99
kroger,1159 Emmet St N,KrogerÂ® Deluxe Mint Chocolate Chip Ice Cream Tub,2.99
kroger,1159 Emmet St N,KrogerÂ® Deluxe Chocolate Paradise Ice Cream Tub,2.99
kroger,1159 Emmet St N,Blue BellÂ® Gold Rim Assorted Flavors Ice Cream Tub,9.49
kroger,1159 Emmet St N,KrogerÂ® Jammed Peanut Butter Candy Crunch Frozen Dairy Dessert Tub,2.99
kroger,1159 Emmet St N,Reese's with Reese's Peanut Butter Cups and Peanut Butter Swirl Chocolate Frozen Dairy Dessert Tub,5.99
kroger,1159 Emmet St N,Tillamook Old-Fashioned Vanilla Ice Cream Tub,5.79
kroger,1159 Emmet St N,KrogerÂ® Deluxe Triple Brownie Ice Cream Tub,2.99
kroger,1159 Emmet St N,Popsicle Fudgsicle No Sugar Added Original Fudge Frozen Dairy Dessert Pops,5.99
kroger,1159 Emmet St N,KrogerÂ® Deluxe Vanilla Ice Cream Family Size,7.49
kroger,1159 Emmet St N,Breyers Extra Creamy Vanilla Frozen Dairy Dessert Tub,5.99
kroger,1159 Emmet St N,Breyers Rocky Road Frozen Dairy Dessert Tub,5.99
kroger,1159 Emmet St N,KrogerÂ® Artic Blasters Fudge Frozen Dairy Dessert Bars,3.19
kroger,1159 Emmet St N,Reese's with a Milk Chocolatey Coating and Cake Crumbs Peanut Butter Frozen Dairy Dessert Bar,6.29
kroger,1159 Emmet St N,Breyers Butter Pecan Frozen Dairy Dessert Tub,5.99
kroger,1159 Emmet St N,KrogerÂ® Jammed Chocolate Chip Cookie Dough Ice Cream Tub,2.99
kroger,1159 Emmet St N,Breyers No Sugar Added Vanilla Frozen Dairy Dessert Tub,5.99
kroger,1159 Emmet St N,KrogerÂ® Artic Blasters Orange Cream Frozen Dairy Dessert Bars,3.19
kroger,1159 Emmet St N,Private SelectionÂ® Sea Salt Caramel Truffle Ice Cream Tub,6.99
kroger,1159 Emmet St N,KrogerÂ® Deluxe Artisan Vanilla Bean Ice Cream Tub,2.99
kroger,1159 Emmet St N,Klondike Heath Frozen Dairy Dessert Bars,4.79
kroger,1159 Emmet St N,Breyers Dulce De Leche Frozen Dairy Dessert Tub,5.99
kroger,1159 Emmet St N,KrogerÂ® Big Wheels Chocolate Chip Cookie Ice Cream Sandwiches,3.99
kroger,1159 Emmet St N,Kroger Vanilla Ice Cream Snowboard Sandwiches,2.99
kroger,1159 Emmet St N,Breyers CarbSmartâ„¢ Chocolate Frozen Dairy Dessert Tub,5.99
kroger,1159 Emmet St N,Blue BunnyÂ® Soft Cookies & Cream Frozen Dairy Dessert,5.99
kroger,1159 Emmet St N,Breyers CarbSmartâ„¢ Vanilla Frozen Dairy Dessert Tub,5.99
kroger,1159 Emmet St N,Klondike Reese's Frozen Dairy Dessert Bars,4.79
kroger,1159 Emmet St N,KrogerÂ® Fun Days Sundaes Variety Pack Frozen Dairy Dessert Cones,6.49
kroger,1159 Emmet St N,KrogerÂ® Deluxe Vividly Vanilla Ice Cream Tub,2.99
kroger,1159 Emmet St N,Drumstick Cookie Dipped Vanilla Fudge/Vanilla Caramel/Vanilla Frozen Dairy Dessert Cones,8.99
kroger,1159 Emmet St N,KrogerÂ® Deluxe Southern Style Butter Pecan Crunch Ice Cream Tub,2.99
